accuracy,precision,recall,f1,tp,tn,fp,fn,fnr,fpr,roc_auc,pr_auc,model,seed,attack,poison_rate,time,split_type,effective_contamination,n_injected,threshold,n_features,noise_sigma
0.966349573257468,0.930628272251309,0.7810325887953131,0.8492932510451922,6399,58818,477,1794,0.21896741120468693,0.008044523146976979,0.9707926079273113,0.911836675330944,knn,123,feature_noise,0.1,202.62395000457764,random,0.0,27670,0.48294103161969804,44,0.15
0.9612523707918444,0.9665439946470391,0.7052361772244599,0.8154682097240844,5778,59095,200,2415,0.2947638227755401,0.003372965680074205,0.9036121496216369,0.8314426483650541,svm,456,feature_noise,0.1,14.552145957946777,random,0.0,27670,4.862799773330271,44,0.15
0.9709874348032242,0.942889615002131,0.8100817771268156,0.8714548319327731,6637,58893,402,1556,0.18991822287318444,0.006779661016949152,0.9513200670142782,0.9057150361171549,autoencoder,42,feature_noise,0.1,122.42117404937744,random,0.0,27670,0.0013958512572571635,44,0.15
0.9712689663347558,0.9449345475241889,0.8105699987794459,0.8726102095788713,6641,58908,387,1552,0.18943000122055415,0.006526688590943588,0.9542515984354881,0.9057444672777558,autoencoder,456,feature_noise,0.1,124.28713726997375,random,0.0,27670,0.001453512697480619,44,0.15
0.9708837126600285,0.9536713286713286,0.7989747345294764,0.8694959155210201,6546,58977,318,1647,0.20102526547052363,0.005363015431317986,0.9792557896839598,0.927314387135058,abod,123,feature_noise,0.1,165.66733860969543,random,0.0,27670,-3.072696192508927,44,0.15
0.9608078473210052,0.9871794871794872,0.6860734773587208,0.8095340966371426,5621,59222,73,2572,0.3139265226412791,0.001231132473227085,0.8998822065943126,0.8213578609207773,pca,456,feature_noise,0.1,1.386702299118042,random,0.0,27670,1603.4845562382366,44,0.15
0.9613560929350403,0.9822137800034536,0.6942511900402782,0.8135011441647597,5688,59192,103,2505,0.3057488099597217,0.0017370773252382158,0.9010072407091555,0.8221334717643428,pca,42,feature_noise,0.1,1.36055326461792,random,0.0,27670,1127.2024200307487,44,0.15
0.9313638305981268,0.9937153419593345,0.7873750503460144,0.8785928785928786,21504,59140,136,5807,0.21262494965398557,0.002294351845603617,0.9737366679655921,0.9525732474471635,lstm_ae,456,feature_noise,0.1,89.35865712165833,contiguous_normal,0.0,27670,0.007879496552050114,44,0.15
0.9709577999051683,0.93999717633771,0.8126449408031247,0.871694160775072,6658,58870,425,1535,0.18735505919687537,0.007167552070157686,0.9801530508393268,0.9275904260679904,abod,42,feature_noise,0.1,171.10039281845093,random,0.0,27670,-4.1872068385527506,44,0.15
0.9739657420578474,0.9335758555645378,0.8457219577688271,0.8874799871918028,6929,58802,493,1264,0.15427804223117295,0.008314360401382916,0.9748798483898654,0.9264130807150547,lof,42,feature_noise,0.1,11.092333316802979,random,0.0,27670,2.335646984377214,44,0.15
0.9584666903745851,0.9916089018606348,0.6634932259245697,0.7950274223034735,5436,59249,46,2757,0.3365067740754302,0.0007757821064170672,0.9251301165355937,0.8274192313874537,mcd,42,feature_noise,0.1,5.692315578460693,random,0.0,27670,713899135.5924127,44,0.15
0.9536806543385491,0.9488042515500443,0.6537287928719638,0.7741003035120683,5356,59006,289,2837,0.3462712071280361,0.004873935407707227,0.8731012378481455,0.770828169401533,histogram,123,feature_noise,0.1,1.647923231124878,random,0.0,27670,-60.885043552145696,44,0.15
0.9534287577050735,0.9904817404817405,0.6223605516904674,0.7644104639832097,5099,59246,49,3094,0.37763944830953255,0.0008263765916181803,0.8880522962416928,0.7967908052250532,cluster,123,feature_noise,0.1,1.4524030685424805,random,0.0,27670,1.6658407764408956,44,0.15
0.9584518729255571,0.9950395002755833,0.6610521176614182,0.7943678498093283,5416,59268,27,2777,0.3389478823385817,0.0004553503668100177,0.9251381218227472,0.830096732132865,mcd,123,feature_noise,0.1,5.861562252044678,random,0.0,27670,1098400807.452105,44,0.15
0.9503615457562826,0.9896865520728008,0.5973391919931649,0.7450144618663419,4894,59244,51,3299,0.4026608080068351,0.0008601062484189224,0.8631899636630156,0.7611850673502173,iforest,123,feature_noise,0.1,3.6806375980377197,random,0.0,27670,0.06580989711577834,44,0.15
0.9682313892840209,0.863827739684831,0.8764799218845356,0.8701078395734885,7181,58163,1132,1012,0.12352007811546442,0.019090985749220003,0.9681474348288264,0.8201344975460756,lof,456,feature_noise,0.1,11.248744249343872,random,0.0,27670,1.7178391352380715,44,0.15
0.94950213371266,0.9650145772594753,0.6060051263273526,0.744489428699955,4965,59115,180,3228,0.3939948736726474,0.0030356691120667846,0.8866418568635102,0.7688139437589504,cluster,42,feature_noise,0.1,1.4391603469848633,random,0.0,27670,2.1769266931987565,44,0.15
0.9524359886201992,0.9473873226791165,0.643964359819358,0.7667490190379306,5276,59002,293,2917,0.356035640180642,0.004941394721308711,0.872575251989262,0.765350038640907,histogram,456,feature_noise,0.1,1.634512186050415,random,0.0,27670,-60.48688239933258,44,0.15
0.9520951872925557,0.9918683062276874,0.6103991212010252,0.7557234605213449,5001,59254,41,3192,0.38960087879897476,0.0006914579644152121,0.9106486014774664,0.7950412775789545,cluster,456,feature_noise,0.1,1.4465811252593994,random,0.0,27670,1.6841444419153278,44,0.15
0.9564218824087245,0.9921289355322339,0.6461613572561943,0.782615123068963,5294,59253,42,2899,0.35383864274380566,0.0007083227928155831,0.9232174622052002,0.8137358006628697,mcd,456,feature_noise,0.1,5.832347393035889,random,0.0,27670,895084072.1827917,44,0.15
0.931560164920831,0.9930827761125202,0.7885101241258101,0.8790513511307045,21535,59126,150,5776,0.21148987587418988,0.0025305351238275185,0.9698427978939967,0.9489475093318219,lstm_ae,42,feature_noise,0.1,105.22216272354126,contiguous_normal,0.0,27670,0.005504920147359371,44,0.15
0.9464349217638691,0.9539865132883776,0.5870865372879287,0.7268605969021534,4810,59063,232,3383,0.4129134627120713,0.003912640188886078,0.8644412956432723,0.7493777062581082,iforest,456,feature_noise,0.1,3.759319305419922,random,0.0,27670,0.06213028211053051,44,0.15
0.9606448553816975,0.9569235847499588,0.7076772854876113,0.813640190850407,5798,59034,261,2395,0.2923227145123886,0.004401720212496837,0.9050649600028455,0.8349166985905357,svm,42,feature_noise,0.1,14.502017736434937,random,0.0,27670,4.42915908973671,44,0.15
0.9749288762446657,0.9312723895449118,0.8567069449530087,0.8924348378893834,7019,58777,518,1174,0.14329305504699133,0.008735981111392191,0.9774504831872143,0.923570572464416,lof,123,feature_noise,0.1,10.923234939575195,random,0.0,27670,2.229549245684587,44,0.15
0.9666014698909435,0.9447356597274225,0.7699255461979739,0.8484196368527236,6308,58926,369,1885,0.23007445380202612,0.006223121679736909,0.9717423079333434,0.9119399604180969,knn,42,feature_noise,0.1,185.63705348968506,random,0.0,27670,0.5049535398995707,44,0.15
0.9314562232205759,0.993444136657433,0.7878876643110835,0.8788058238549346,21518,59134,142,5793,0.21211233568891655,0.0023955732505567175,0.9676779513944975,0.948640432460234,lstm_ae,123,feature_noise,0.1,82.51319646835327,contiguous_normal,0.0,27670,0.006891096010804176,44,0.15
0.9649419155998104,0.9336210745646674,0.7656536067374589,0.8413358369098712,6273,58849,446,1920,0.2343463932625412,0.007521713466565477,0.9722995327322741,0.9150127520714715,knn,456,feature_noise,0.1,169.9805464744568,random,0.0,27670,0.4653143451602341,44,0.15
0.9607633949739213,0.9789255484539644,0.6916880263639692,0.8106136461164354,5667,59173,122,2526,0.30831197363603075,0.0020575090648452653,0.9020390417381037,0.8325818599646229,svm,123,feature_noise,0.1,14.467557191848755,random,0.0,27670,7.789650604375254,44,0.15
0.9532805832147937,0.9543815362423368,0.6460393018430367,0.7705073149428634,5293,59042,253,2900,0.35396069815696324,0.0042668015852938695,0.8724634712973249,0.7681059696599656,histogram,42,feature_noise,0.1,1.6347477436065674,random,0.0,27670,-60.42715520174211,44,0.15
0.9685425557136084,0.9306186152099887,0.8005614549005249,0.8607046781707237,6559,58806,489,1634,0.19943854509947517,0.008246901087781432,0.9808428743995249,0.9291808436645161,abod,456,feature_noise,0.1,157.90954732894897,random,0.0,27670,-6.233091017494031,44,0.15
0.9511616880037933,0.9705938881414569,0.6163798364457463,0.7539564048969841,5050,59142,153,3143,0.38362016355425366,0.002580318745256767,0.8683570656956494,0.7577995876769106,iforest,42,feature_noise,0.1,3.6318295001983643,random,0.0,27670,0.06673869454323922,44,0.15
0.9724099099099099,0.9658572479764532,0.8010496765531552,0.8757672804910596,6563,59063,232,1630,0.19895032344684488,0.003912640188886078,0.9642366739989459,0.9142262457696252,autoencoder,123,feature_noise,0.1,123.61411380767822,random,0.0,27670,0.002068011090159416,44,0.15
0.962171052631579,0.988734835355286,0.696326132063957,0.8171596361813364,5705,59230,65,2488,0.30367386793604295,0.0010962138460241166,0.9010378291810254,0.8266088398642489,pca,123,feature_noise,0.1,1.383208990097046,random,0.0,27670,1584.8278539486769,44,0.15
0.9525989805595069,0.9857976653696499,0.6184547784694251,0.7600690017250431,5067,59222,73,3126,0.3815452215305749,0.001231132473227085,0.8852664542538135,0.7791203849721078,cluster,42,feature_noise,0.1,5.692647457122803,random,,27670,1.6224585832523584,44,0.3
0.9522581792318634,0.9808473592571096,0.6188209447088978,0.7588684328693309,5070,59196,99,3123,0.3811790552911022,0.0016696180116367316,0.8664462402923928,0.7565132731220928,iforest,42,feature_noise,0.1,3.773240804672241,random,,27670,0.052073466331845064,44,0.3
0.9720098387861545,0.9492588369441277,0.8128890516294398,0.8757972253271089,6660,58939,356,1533,0.18711094837056022,0.006003878910532085,0.9619392821509362,0.9099640127264873,autoencoder,456,feature_noise,0.1,124.91022276878357,random,,27670,0.0012977865990251303,44,0.3
0.9697724039829303,0.9710610932475884,0.7740754302453314,0.8614506927465363,6342,59106,189,1851,0.22592456975466862,0.003187452567670124,0.9790941236406412,0.9279586563190497,abod,123,feature_noise,0.1,168.28384613990784,random,,27670,-1.1907146543783518,44,0.3
0.9499466571834992,0.9644993247154158,0.6101550103747101,0.7474581339712919,4999,59111,184,3194,0.3898449896252899,0.003103128425668269,0.8681923006654937,0.7602955463581619,iforest,123,feature_noise,0.1,3.8276326656341553,random,,27670,0.04149974803311707,44,0.3
0.958585229966809,0.9963221772710555,0.6612962284877334,0.7949526813880127,5418,59275,20,2775,0.33870377151226655,0.0003372965680074205,0.9258143905318511,0.8294137680866545,mcd,123,feature_noise,0.1,5.839740037918091,random,,27670,1560836644.496871,44,0.3
0.9534732100521575,0.9576163738453178,0.6453069693640913,0.7710368966020126,5287,59061,234,2906,0.3546930306359087,0.00394636984568682,0.87179276244438,0.7670765590729115,histogram,42,feature_noise,0.1,3.8273768424987793,random,,27670,-59.91406797475904,44,0.3
0.9569997629208156,0.9945784258739951,0.6493347979982912,0.7857037365234086,5320,59266,29,2873,0.35066520200170875,0.0004890800236107598,0.9238192893600172,0.8156343778092913,mcd,456,feature_noise,0.1,5.852851390838623,random,,27670,1207975380.664344,44,0.3
0.9606004030346136,0.9564500164962059,0.7076772854876113,0.8134689582602596,5798,59031,264,2395,0.2923227145123886,0.004452314697697951,0.9048460877534884,0.8339274142170936,svm,42,feature_noise,0.1,12.112138986587524,random,,27670,5.284399193347829,44,0.3
0.972321005215742,0.9654157468727005,0.8006835103136825,0.8753669602348545,6560,59060,235,1633,0.1993164896863176,0.003963234674087191,0.9608842670243088,0.9069958409415463,autoencoder,123,feature_noise,0.1,144.9527132511139,random,,27670,0.002151159569621086,44,0.3
0.9686166429587483,0.9514043691484618,0.7813987550347858,0.8580619219943707,6402,58968,327,1791,0.21860124496521421,0.005514798886921326,0.9806193788858462,0.9295145228505067,abod,456,feature_noise,0.1,158.2012495994568,random,,27670,-2.287074468558343,44,0.3
0.9478129445234709,0.9454510776273126,0.605028683022092,0.7378684132182197,4957,59009,286,3236,0.394971316977908,0.004823340922506114,0.8670624621432924,0.7571845794169373,iforest,456,feature_noise,0.1,3.829766035079956,random,,27670,0.0435381870371393,44,0.3
0.9584815078236131,0.9916104322451212,0.6636152813377273,0.7951155308569757,5437,59249,46,2756,0.33638471866227265,0.0007757821064170672,0.9257884582594007,0.8291463008352274,mcd,42,feature_noise,0.1,5.9730751514434814,random,,27670,753993782.0270661,44,0.3
0.9312252416644531,0.993438077634011,0.7871553586466992,0.8783477354905926,21498,59134,142,5813,0.21284464135330086,0.0023955732505567175,0.9682827574119579,0.9467700801993675,lstm_ae,123,feature_noise,0.1,110.12106370925903,contiguous_normal,,27670,0.006435857154428959,44,0.3
0.9313291833647084,0.9931219129391128,0.7877412031782066,0.8785886388696043,21514,59127,149,5797,0.2122587968217934,0.0025136648896686687,0.9673316912436738,0.9458101444756366,lstm_ae,42,feature_noise,0.1,108.14324831962585,contiguous_normal,,27670,0.005224868189543486,44,0.3
0.931132849042004,0.9934812760055478,0.7868258210977261,0.8781594164402035,21489,59135,141,5822,0.2131741789022738,0.0023787030163978677,0.9711544689464632,0.9491994932334538,lstm_ae,456,feature_noise,0.1,102.52947473526001,contiguous_normal,,27670,0.006759582553058863,44,0.3
0.9660532242769085,0.9413700269219264,0.7682167704137679,0.8460245984273137,6294,58903,392,1899,0.23178322958623215,0.0066110127329454425,0.9709169420375321,0.907945730108995,knn,42,feature_noise,0.1,215.49320220947266,random,,27670,0.5110000190445696,44,0.3
0.9742176386913229,0.9410799726589201,0.8402294641767363,0.8877998452411658,6884,58864,431,1309,0.15977053582326375,0.007268741040559913,0.97270341171691,0.9168505650575953,lof,42,feature_noise,0.1,11.317322015762329,random,,27670,2.3187169697542993,44,0.3
0.9538288288288288,0.9506479673353453,0.6536067374588063,0.7746275133805873,5355,59017,278,2838,0.3463932625411937,0.004688422295303145,0.8726160729842586,0.7698839335041698,histogram,123,feature_noise,0.1,3.76566481590271,random,,27670,-60.48063969852583,44,0.3
0.9534139402560455,0.9900990099009901,0.622482607103625,0.7643884892086331,5100,59244,51,3093,0.377517392896375,0.0008601062484189224,0.8822204147028987,0.7788128013160347,cluster,123,feature_noise,0.1,3.0094480514526367,random,,27670,1.6698335702550162,44,0.3
0.9520951872925557,0.9918683062276874,0.6103991212010252,0.7557234605213449,5001,59254,41,3192,0.38960087879897476,0.0006914579644152121,0.9107024647711014,0.7952176668253007,cluster,456,feature_noise,0.1,2.9593217372894287,random,,27670,1.6834287800399834,44,0.3
0.952510075865339,0.9503430841459011,0.6423776394483095,0.766586555968247,5263,59020,275,2930,0.35762236055169044,0.004637827810102032,0.8714089759277063,0.7641936708680035,histogram,456,feature_noise,0.1,3.7928149700164795,random,,27670,-59.83762868870312,44,0.3
0.9608078473210052,0.9871794871794872,0.6860734773587208,0.8095340966371426,5621,59222,73,2572,0.3139265226412791,0.001231132473227085,0.8998219888852897,0.8213178025419139,pca,456,feature_noise,0.1,1.3716905117034912,random,,27670,1604.032381132926,44,0.3
0.9610893788525368,0.9650793650793651,0.7049920663981447,0.814783467343772,5776,59086,209,2417,0.29500793360185523,0.0035247491356775445,0.9029613006325278,0.8302458171591993,svm,456,feature_noise,0.1,14.66769289970398,random,,27670,5.41146456821359,44,0.3
0.9603040540540541,0.952263779527559,0.7085316733797143,0.8125131219819441,5805,59004,291,2388,0.2914683266202856,0.004907665064507969,0.9018293419134202,0.8313497501743076,svm,123,feature_noise,0.1,12.748597383499146,random,,27670,5.205670252437267,44,0.3
0.962171052631579,0.988734835355286,0.696326132063957,0.8171596361813364,5705,59230,65,2488,0.30367386793604295,0.0010962138460241166,0.900982354126053,0.8265718030818995,pca,123,feature_noise,0.1,1.3875665664672852,random,,27670,1585.5905268924732,44,0.3
0.9710022522522522,0.9677467746774677,0.7873794702795069,0.8682953092401912,6451,59080,215,1742,0.2126205297204931,0.003625938106079771,0.95614820513959,0.9019462970149275,autoencoder,42,feature_noise,0.1,149.37788915634155,random,,27670,0.001920522889122367,44,0.3
0.9696538643907064,0.9150344454950695,0.8268033687294032,0.8686842780200051,6774,58666,629,1419,0.17319663127059684,0.010607977063833375,0.9800695850683055,0.9276236716299611,abod,42,feature_noise,0.1,170.53046250343323,random,,27670,-4.846173516005622,44,0.3
0.9655938833570412,0.9250036195164326,0.7798120346637374,0.8462251655629139,6389,58777,518,1804,0.22018796533626267,0.008735981111392191,0.9698767837275752,0.907303616295453,knn,123,feature_noise,0.1,198.3780210018158,random,,27670,0.48293973675924606,44,0.3
0.9764402560455192,0.9572081429164936,0.8436470157451483,0.8968470221876217,6912,58986,309,1281,0.1563529842548517,0.005211231975714647,0.9703497903943492,0.9148223072617883,lof,123,feature_noise,0.1,11.295232772827148,random,,27670,2.4979648339667504,44,0.3
0.965786510194405,0.8483305706843476,0.8745270352740144,0.8612296412043993,7165,58014,1281,1028,0.1254729647259856,0.021603845180875283,0.962046457075322,0.8255896762377903,lof,456,feature_noise,0.1,11.170175075531006,random,,27670,1.6740597965636546,44,0.3
0.9613560929350403,0.9822137800034536,0.6942511900402782,0.8135011441647597,5688,59192,103,2505,0.3057488099597217,0.0017370773252382158,0.900946463103474,0.8220860042115573,pca,42,feature_noise,0.1,1.4282801151275635,random,,27670,1127.9192591424921,44,0.3
0.9642454954954955,0.9093484419263456,0.7835957524716222,0.8418016127974824,6420,58655,640,1773,0.2164042475283779,0.010793490176237456,0.9713648387800728,0.9104379055444511,knn,456,feature_noise,0.1,166.89500951766968,random,,27670,0.42325923254418407,44,0.3
0.962171052631579,0.988734835355286,0.696326132063957,0.8171596361813364,5705,59230,65,2488,0.30367386793604295,0.0010962138460241166,0.9008781783539896,0.8264995746081647,pca,123,feature_noise,0.1,1.3994903564453125,random,,27670,1587.015734973329,44,0.5
0.9602299668089141,0.9511875511875512,0.7087757842060295,0.8122814379633515,5807,58997,298,2386,0.29122421579397045,0.005025718863310566,0.9026860002688122,0.8324159962283454,svm,123,feature_noise,0.1,14.122620344161987,random,,27670,5.5119477181543,44,0.5
0.9611041963015647,0.9649298597194389,0.7052361772244599,0.8148931669134758,5778,59085,210,2415,0.2947638227755401,0.0035416139640779155,0.9032195900183477,0.8300294445380327,svm,456,feature_noise,0.1,15.30739164352417,random,,27670,5.777152441764072,44,0.5
0.9608078473210052,0.9871794871794872,0.6860734773587208,0.8095340966371426,5621,59222,73,2572,0.3139265226412791,0.001231132473227085,0.8997131383878147,0.8212418560748667,pca,456,feature_noise,0.1,1.346688985824585,random,,27670,1605.1215957478216,44,0.5
0.9632527264106211,0.9051198411572826,0.7789576467716344,0.8373130411965364,6382,58626,669,1811,0.22104235322836568,0.011282570199848217,0.9710512575407606,0.9088787547054271,knn,456,feature_noise,0.1,199.61496996879578,random,,27670,0.47129887334285625,44,0.5
0.9616820768136558,0.816315017488435,0.8830709141950446,0.8483818011257036,7235,57667,1628,958,0.11692908580495545,0.02745594063580403,0.9569025948709122,0.8048277186092038,lof,456,feature_noise,0.1,11.894790887832642,random,,27670,1.614591040351613,44,0.5
0.9737879326695116,0.9492307692307692,0.8283900891004516,0.8847031219448609,6787,58932,363,1406,0.17160991089954838,0.006121932709334682,0.9707049130839173,0.901989378570734,lof,123,feature_noise,0.1,10.711694955825806,random,,27670,2.602795506555407,44,0.5
0.9632230915125652,0.8953343486086114,0.7893323568900281,0.8389984431759211,6467,58539,756,1726,0.21066764310997194,0.012749810270680496,0.9694006554310846,0.9044273619269675,knn,123,feature_noise,0.1,199.64806532859802,random,,27670,0.46280466149075183,44,0.5
0.9487168089141773,0.9499809813617345,0.6096667887220798,0.7426957103561074,4995,59032,263,3198,0.3903332112779202,0.00443544986929758,0.86671836653608,0.7561599150226601,iforest,456,feature_noise,0.1,3.6394124031066895,random,,27670,0.03647759763545422,44,0.5
0.9703947368421053,0.9196585828478526,0.8285121445136092,0.871709259021446,6788,58702,593,1405,0.1714878554863908,0.010000843241420018,0.9802072290748324,0.9294339534624403,abod,42,feature_noise,0.1,162.73384475708008,random,,27670,-3.601175197608179,44,0.5
0.9613560929350403,0.9822137800034536,0.6942511900402782,0.8135011441647597,5688,59192,103,2505,0.3057488099597217,0.0017370773252382158,0.9008340514985742,0.8219993609995777,pca,42,feature_noise,0.1,1.4388453960418701,random,,27670,1129.6045017505007,44,0.5
0.9506875296348981,0.9600907887270664,0.6195532771878433,0.7531157270029674,5076,59084,211,3117,0.38044672281215675,0.0035584787924782865,0.8646751657126861,0.7565463515424682,iforest,123,feature_noise,0.1,3.7733521461486816,random,,27670,0.02924397723560468,44,0.5
0.9437559910841119,0.9944476270215485,0.8262970964080407,0.9026077913766899,22567,59150,126,4744,0.17370290359195928,0.0021256495040151155,0.9672128592810425,0.9428180508282803,lstm_ae,456,feature_noise,0.1,82.4303879737854,contiguous_normal,,27670,0.008705539628863335,44,0.5
0.9706021811284969,0.9389226636505019,0.8105699987794459,0.8700379929254553,6641,58863,432,1552,0.18943000122055415,0.007285605868960284,0.9521711974193869,0.8984993646503118,autoencoder,42,feature_noise,0.1,125.90677618980408,random,,27670,0.001208412810228765,44,0.5
0.9381546883481354,0.9941038797371501,0.8087217604628172,0.8918815239556623,22087,59145,131,5224,0.19127823953718281,0.0022100006748093665,0.9645567415683155,0.9414174443559415,lstm_ae,123,feature_noise,0.1,80.4145815372467,contiguous_normal,,27670,0.00785197876393795,44,0.5
0.9491909672830725,0.9679764243614931,0.6013670206273648,0.7418504855830761,4927,59132,163,3266,0.3986329793726352,0.0027489670292604775,0.8900628028054158,0.7655514339539264,cluster,456,feature_noise,0.1,2.971374988555908,random,,27670,2.1744769252017346,44,0.5
0.9703502844950214,0.9615384615384616,0.7872574148663494,0.865713710489229,6450,59037,258,1743,0.21274258513365069,0.0043511257272957245,0.980810785322272,0.9309986307960145,abod,456,feature_noise,0.1,148.44047451019287,random,,27670,-1.197354626040346,44,0.5
0.9516951161688004,0.9790250534084288,0.6152813377273282,0.7556588217658522,5041,59187,108,3152,0.3847186622726718,0.001821401467240071,0.8864698944853133,0.7720510832129164,cluster,123,feature_noise,0.1,3.061201333999634,random,,27670,2.110676906383054,44,0.5
0.9710318871503082,0.9554614485981309,0.7986085682900037,0.8700219400305831,6543,58990,305,1650,0.20139143170999635,0.005143772662113163,0.9791469083098309,0.9271798626948237,abod,123,feature_noise,0.1,166.25110983848572,random,,27670,-1.5619396705520874,44,0.5
0.9500948316737791,0.9687196425102002,0.6085682900036616,0.7475262368815592,4986,59134,161,3207,0.39143170999633836,0.002715237372459735,0.8831315312421255,0.7653360645796538,cluster,42,feature_noise,0.1,2.7246487140655518,random,,27670,2.171991480057046,44,0.5
0.958570412517781,0.9919781221513218,0.6641035029903576,0.7955841497294927,5441,59251,44,2752,0.33589649700964236,0.0007420524496163252,0.9261133794644952,0.8245387613832573,mcd,42,feature_noise,0.1,5.872875452041626,random,,27670,840929825.8145909,44,0.5
0.9528805120910384,0.9824831568816169,0.6229708287562553,0.7624738571855393,5104,59204,91,3089,0.3770291712437447,0.0015346993844337633,0.866009589856451,0.7591419769953394,iforest,42,feature_noise,0.1,3.6672723293304443,random,,27670,0.04599000114174234,44,0.5
0.963934329065908,0.9315150606923422,0.7586964481874772,0.8362706847840711,6216,58838,457,1977,0.2413035518125229,0.007707226578969559,0.9706220596998664,0.9062580701502061,knn,42,feature_noise,0.1,244.75380611419678,random,,27670,0.5260418370268816,44,0.5
0.9535176623992413,0.9603058994901675,0.6437202489930428,0.7707709170624771,5274,59077,218,2919,0.35627975100695713,0.0036765325912808838,0.8713166022420135,0.7662625350948571,histogram,42,feature_noise,0.1,3.7772274017333984,random,,27670,-59.13834748116506,44,0.5
0.9724099099099099,0.9418004187020237,0.8236299279873063,0.8787602552415679,6748,58878,417,1445,0.17637007201269375,0.007032633442954718,0.9653405833363617,0.9080320050708633,lof,42,feature_noise,0.1,11.29432225227356,random,,27670,2.4705319025928003,44,0.5
0.9569849454717876,0.9945774121166792,0.6492127425851336,0.7856140609999261,5319,59266,29,2874,0.3507872574148663,0.0004890800236107598,0.9239657167453781,0.8156448506847543,mcd,456,feature_noise,0.1,5.818079710006714,random,,27670,1325941491.2721272,44,0.5
0.9582592460881935,0.9944812362030905,0.6598315635298425,0.7933083865287255,5406,59265,30,2787,0.34016843647015743,0.0005059448520111307,0.9254811099873038,0.8199006759770235,mcd,123,feature_noise,0.1,5.875422954559326,random,,27670,3092944242.6133394,44,0.5
0.9310173582639426,0.9939809241596445,0.7860569001501226,0.8778752376863154,21468,59146,130,5843,0.21394309984987733,0.0021931304406505162,0.9605640928196417,0.9376530303265636,lstm_ae,42,feature_noise,0.1,83.87548971176147,contiguous_normal,,27670,0.007705220021307468,44,0.5
0.9604670459933617,0.9562345169281585,0.7067008421823507,0.8127456485120719,5790,59030,265,2403,0.2932991578176492,0.004469179526098322,0.9040941877096982,0.832320432865434,svm,42,feature_noise,0.1,12.440277814865112,random,,27670,5.710091399297825,44,0.5
0.9525397107633949,0.9498737829065993,0.6429879165140974,0.7668680398864546,5268,59017,278,2925,0.3570120834859026,0.004688422295303145,0.8711437423824078,0.763891004848453,histogram,456,feature_noise,0.1,3.734243631362915,random,,27670,-59.45635239723192,44,0.5
0.9539029160739687,0.954561717352415,0.6512876846088124,0.7742871653486179,5336,59041,254,2857,0.3487123153911876,0.0042836664136942405,0.8722532434818586,0.7692102279211968,histogram,123,feature_noise,0.1,3.433032512664795,random,,27670,-59.800114644461274,44,0.5
0.9716690374585112,0.9619061626709811,0.798242402050531,0.8724653148345785,6540,59036,259,1653,0.20175759794946907,0.0043679905556960955,0.9538207847163691,0.8997604739099443,autoencoder,123,feature_noise,0.1,128.17380738258362,random,,27670,0.0016837639268487692,44,0.5
0.9700391180654339,0.9636363636363636,0.7827413645795191,0.8638200431034483,6413,59053,242,1780,0.2172586354204809,0.004081288472889789,0.9569436700836934,0.9020814586728557,autoencoder,456,feature_noise,0.1,127.35008311271667,random,,27670,0.0016198365483433008,44,0.5
0.9694464201043148,0.9604927144359321,0.7804223117295253,0.8611447811447811,6394,59032,263,1799,0.2195776882704748,0.00443544986929758,0.9466160777392633,0.8804909757625161,autoencoder,456,feature_noise,0.1,132.99015855789185,random,,27670,0.0015052068047225475,44,1.0
0.9393521811284969,0.8019145802650958,0.6645917246429879,0.7268237335647066,5445,57950,1345,2748,0.33540827535701206,0.02268319419849903,0.9187516996954748,0.6357247555412617,mcd,42,feature_noise,0.1,5.944904088973999,random,,27670,214600.32638208824,44,1.0
0.9402335223532401,0.9956560680698612,0.8140675918128226,0.8957514957394089,22233,59179,97,5078,0.18593240818717732,0.0016364127134084621,0.9668172877773651,0.9428970173543593,lstm_ae,456,feature_noise,0.1,81.15876841545105,contiguous_normal,,27670,0.01073366031050682,44,1.0
0.9613560929350403,0.9822137800034536,0.6942511900402782,0.8135011441647597,5688,59192,103,2505,0.3057488099597217,0.0017370773252382158,0.900443171585261,0.821667992269703,pca,42,feature_noise,0.1,1.398115873336792,random,,27670,1138.1696414237008,44,1.0
0.9710615220483642,0.956140350877193,0.798242402050531,0.8700858112153262,6540,58995,300,1653,0.20175759794946907,0.0050594485201113076,0.9790894447983425,0.9250377435218506,abod,123,feature_noise,0.1,188.27220010757446,random,,27670,-1.2521216009380145,44,1.0
0.9685425557136084,0.933200114187839,0.7979982912242158,0.8603197578788078,6538,58827,468,1655,0.20200170877578422,0.00789273969137364,0.9665255150722482,0.8836047629619914,lof,42,feature_noise,0.1,11.62890887260437,random,,27670,2.9191548223379935,44,1.0
0.9271253190432744,0.9956573046967194,0.7723261689429167,0.8698861761794787,21093,59184,92,6218,0.22767383105708322,0.0015520615426142116,0.9589065495372278,0.9404018423070402,lstm_ae,42,feature_noise,0.1,68.32600259780884,contiguous_normal,,27670,0.012598171830177307,44,1.0
0.9682462067330488,0.9518972213922916,0.7777370926400586,0.8560489017263384,6372,58973,322,1821,0.22226290735994142,0.00543047474491947,0.9554616534754913,0.8937598180917238,autoencoder,42,feature_noise,0.1,128.49718356132507,random,,27670,0.001481695449911058,44,1.0
0.9271253190432744,0.9956573046967194,0.7723261689429167,0.8698861761794787,21093,59184,92,6218,0.22767383105708322,0.0015520615426142116,0.9589065495372278,0.9404018423070402,lstm_ae,42,feature_noise,0.1,74.44844245910645,contiguous_normal,,27670,0.012598171830177307,44,1.0
0.9306987908961594,0.6990038487661309,0.7536921762480167,0.7253186116168439,6175,56636,2659,2018,0.2463078237519834,0.044843578716586556,0.917013288498785,0.6437507345881187,mcd,456,feature_noise,0.1,5.90231466293335,random,,27670,1044161.7927829504,44,1.0
0.9628674727358938,0.9032761310452418,0.7773709264005859,0.8356074521123065,6369,58613,682,1824,0.22262907359941414,0.01150181296905304,0.9705197818128005,0.905437308351768,knn,42,feature_noise,0.1,250.48753833770752,random,,27670,0.5122420699878212,44,1.0
0.9542140825035562,0.9641622703292705,0.6468936897351397,0.7742878013148283,5300,59098,197,2893,0.3531063102648602,0.0033223711948730922,0.871521798192104,0.7686159905647095,histogram,123,feature_noise,0.1,3.4709949493408203,random,,27670,-56.67612505976024,44,1.0
0.9686907302038881,0.9190791287565481,0.8137434395215428,0.8632096847284262,6667,58708,587,1526,0.1862565604784572,0.009899654271017792,0.969109087187612,0.8683628459903551,lof,123,feature_noise,0.1,11.238624334335327,random,,27670,2.740691397571888,44,1.0
0.963963963963964,0.9004587793688308,0.7905529110216039,0.8419342259196673,6477,58579,716,1716,0.2094470889783962,0.012075217134665655,0.9694276580942063,0.9049999447937774,knn,123,feature_noise,0.1,253.8786609172821,random,,27670,0.5036684715746312,44,1.0
0.9606300379326695,0.9795564795564795,0.6901013059929207,0.8097386322950233,5654,59177,118,2539,0.3098986940070792,0.001990049751243781,0.904941583068898,0.8356537548848455,svm,123,feature_noise,0.1,14.702067136764526,random,,27670,6.939395562712605,44,1.0
0.9612523707918444,0.878528773072747,0.7900646893689736,0.8319516740569373,6473,58400,895,1720,0.2099353106310265,0.015094021418332068,0.970844884160932,0.9072390952430839,knn,456,feature_noise,0.1,212.0746681690216,random,,27670,0.4695352069947401,44,1.0
0.9511024182076814,0.9587474217138571,0.6240693274746735,0.7560254325003697,5113,59075,220,3080,0.3759306725253265,0.0037102622480816258,0.8625112371722554,0.7561289933011173,iforest,123,feature_noise,0.1,3.631408929824829,random,,27670,0.0011395817525622354,44,1.0
0.9686907302038881,0.9190791287565481,0.8137434395215428,0.8632096847284262,6667,58708,587,1526,0.1862565604784572,0.009899654271017792,0.969109087187612,0.8683628459903551,lof,123,feature_noise,0.1,12.555455207824707,random,,27670,2.740691397571888,44,1.0
0.9521248221906117,0.7628734901462174,0.8787989747345295,0.8167432363450741,7200,57057,2238,993,0.12120102526547052,0.037743485960030354,0.9470939752680266,0.7103276022608649,lof,456,feature_noise,0.1,12.182717323303223,random,,27670,1.5879559026443797,44,1.0
0.9612523707918444,0.878528773072747,0.7900646893689736,0.8319516740569373,6473,58400,895,1720,0.2099353106310265,0.015094021418332068,0.970844884160932,0.9072390952430839,knn,456,feature_noise,0.1,259.09490036964417,random,,27670,0.4695352069947401,44,1.0
0.9606744902797535,0.9784073242356193,0.6913218601244965,0.810184522958089,5664,59170,125,2529,0.30867813987550347,0.0021081035500463783,0.9063104604123884,0.8366824412494758,svm,42,feature_noise,0.1,12.28408670425415,random,,27670,7.072385004043127,44,1.0
0.9523767188240873,0.9413224605566389,0.6481142438667155,0.7676738470435159,5310,58964,331,2883,0.3518857561332845,0.00558225820052281,0.8705379856587618,0.7629986116504065,histogram,456,feature_noise,0.1,3.532503366470337,random,,27670,-58.56639453615095,44,1.0
0.962171052631579,0.988734835355286,0.696326132063957,0.8171596361813364,5705,59230,65,2488,0.30367386793604295,0.0010962138460241166,0.9005067610248979,0.8261980490695859,pca,123,feature_noise,0.1,1.4216108322143555,random,,27670,1592.6594452967975,44,1.0
0.9512061403508771,0.957089552238806,0.6261442694983522,0.7570279642883494,5130,59065,230,3063,0.3738557305016477,0.003878910532085336,0.8616454125675208,0.7588236669876274,iforest,42,feature_noise,0.1,3.836095094680786,random,,27670,-0.0002509510331638246,44,1.0
0.9542140825035562,0.9641622703292705,0.6468936897351397,0.7742878013148283,5300,59098,197,2893,0.3531063102648602,0.0033223711948730922,0.871521798192104,0.7686159905647095,histogram,123,feature_noise,0.1,3.4804890155792236,random,,27670,-56.67612505976024,44,1.0
0.9713134186818397,0.9231705667523333,0.8330281948004394,0.8757859617605543,6825,58727,568,1368,0.1669718051995606,0.009579222531410744,0.9802701330527511,0.9291781832261606,abod,42,feature_noise,0.1,195.84160232543945,random,,27670,-3.12726318877603,44,1.0
0.950717164532954,0.9720659553831231,0.611619675332601,0.7508240934971532,5011,59151,144,3182,0.388380324667399,0.002428535289653428,0.888745695318421,0.7739586023364364,cluster,123,feature_noise,0.1,2.7542972564697266,random,,27670,2.1696166773329484,44,1.0
0.950717164532954,0.9720659553831231,0.611619675332601,0.7508240934971532,5011,59151,144,3182,0.388380324667399,0.002428535289653428,0.888745695318421,0.7739586023364364,cluster,123,feature_noise,0.1,3.0813820362091064,random,,27670,2.1696166773329484,44,1.0
0.9512061403508771,0.957089552238806,0.6261442694983522,0.7570279642883494,5130,59065,230,3063,0.3738557305016477,0.003878910532085336,0.8616454125675208,0.7588236669876274,iforest,42,feature_noise,0.1,3.5899953842163086,random,,27670,-0.0002509510331638246,44,1.0
0.9497836652441916,0.964963221060782,0.6084462345905041,0.7463133468073958,4985,59114,181,3208,0.39155376540949594,0.0030525339404671556,0.8785911974961669,0.7613815819529345,cluster,42,feature_noise,0.1,2.7567288875579834,random,,27670,2.173810359563587,44,1.0
0.9493095068752964,0.9717279557137208,0.5999023556694739,0.7418308052222474,4915,59152,143,3278,0.4000976443305261,0.002411670461253057,0.9062898821517368,0.7793379203751531,cluster,456,feature_noise,0.1,2.785861015319824,random,,27670,2.220783639954724,44,1.0
0.9608078473210052,0.9871794871794872,0.6860734773587208,0.8095340966371426,5621,59222,73,2572,0.3139265226412791,0.001231132473227085,0.8996428281298299,0.8206219268806482,pca,456,feature_noise,0.1,1.364257574081421,random,,27670,2283.154486509443,44,1.0
0.9598891654812708,0.9550431320504313,0.7026730135481508,0.8096477040995711,5757,59024,271,2436,0.29732698645184913,0.004570368496500548,0.9038743315243012,0.8312214835178727,svm,456,feature_noise,0.1,14.65053939819336,random,,27670,3.6231488232479023,44,1.0
0.9694464201043148,0.9604927144359321,0.7804223117295253,0.8611447811447811,6394,59032,263,1799,0.2195776882704748,0.00443544986929758,0.9466160777392633,0.8804909757625161,autoencoder,456,feature_noise,0.1,139.15927076339722,random,,27670,0.0015052068047225475,44,1.0
0.9685425557136084,0.933200114187839,0.7979982912242158,0.8603197578788078,6538,58827,468,1655,0.20200170877578422,0.00789273969137364,0.9665255150722482,0.8836047629619914,lof,42,feature_noise,0.1,11.013516902923584,random,,27670,2.9191548223379935,44,1.0
0.9606300379326695,0.9795564795564795,0.6901013059929207,0.8097386322950233,5654,59177,118,2539,0.3098986940070792,0.001990049751243781,0.904941583068898,0.8356537548848455,svm,123,feature_noise,0.1,14.883628129959106,random,,27670,6.939395562712605,44,1.0
0.9393521811284969,0.8019145802650958,0.6645917246429879,0.7268237335647066,5445,57950,1345,2748,0.33540827535701206,0.02268319419849903,0.9187516996954748,0.6357247555412617,mcd,42,feature_noise,0.1,5.7535388469696045,random,,27670,214600.32638208824,44,1.0
0.9703354670459934,0.955689680553511,0.7923837422189675,0.8664086480715334,6492,58994,301,1701,0.2076162577810326,0.0050763133485116785,0.9543685056812065,0.8978499540556946,autoencoder,123,feature_noise,0.1,137.82066583633423,random,,27670,0.0015609877882525325,44,1.0
0.962171052631579,0.988734835355286,0.696326132063957,0.8171596361813364,5705,59230,65,2488,0.30367386793604295,0.0010962138460241166,0.9005067610248979,0.8261980490695859,pca,123,feature_noise,0.1,1.404454231262207,random,,27670,1592.6594452967975,44,1.0
0.9682462067330488,0.9518972213922916,0.7777370926400586,0.8560489017263384,6372,58973,322,1821,0.22226290735994142,0.00543047474491947,0.9554616534754913,0.8937598180917238,autoencoder,42,feature_noise,0.1,136.50277972221375,random,,27670,0.001481695449911058,44,1.0
0.9703206495969654,0.9375176703420979,0.8094715000610277,0.868801991222899,6632,58853,442,1561,0.1905284999389723,0.0074542541529639935,0.9808392453634615,0.9308793400109157,abod,456,feature_noise,0.1,162.1520185470581,random,,27670,-2.2613234213345708,44,1.0
0.7761211267280308,0.98865598027127,0.2935813408516715,0.4527257841393524,8018,59184,92,19293,0.7064186591483285,0.0015520615426142116,0.9607865163343635,0.9426786230243807,lstm_ae,123,feature_noise,0.1,72.06574773788452,contiguous_normal,,27670,0.012080894783139229,44,1.0
0.9710615220483642,0.956140350877193,0.798242402050531,0.8700858112153262,6540,58995,300,1653,0.20175759794946907,0.0050594485201113076,0.9790894447983425,0.9250377435218506,abod,123,feature_noise,0.1,191.84862995147705,random,,27670,-1.2521216009380145,44,1.0
0.9402335223532401,0.9956560680698612,0.8140675918128226,0.8957514957394089,22233,59179,97,5078,0.18593240818717732,0.0016364127134084621,0.9668172877773651,0.9428970173543593,lstm_ae,456,feature_noise,0.1,81.38938546180725,contiguous_normal,,27670,0.01073366031050682,44,1.0
0.9713134186818397,0.9231705667523333,0.8330281948004394,0.8757859617605543,6825,58727,568,1368,0.1669718051995606,0.009579222531410744,0.9802701330527511,0.9291781832261606,abod,42,feature_noise,0.1,193.3087923526764,random,,27670,-3.12726318877603,44,1.0
0.944686462778568,0.8555484693877551,0.6549493470035396,0.7419287936398202,5366,58389,906,2827,0.34505065299646037,0.01527953453073615,0.8688099572515814,0.7683741328968251,iforest,456,feature_noise,0.1,3.5362703800201416,random,,27670,-0.05533074642113445,44,1.0
0.9265499051683262,0.670675105485232,0.7760283168558526,0.7195156453346914,6358,56173,3122,1835,0.22397168314414745,0.052651994265958346,0.9020988806935044,0.4959207565729099,mcd,123,feature_noise,0.1,6.00126051902771,random,,27670,99268.36907368728,44,1.0
0.9598891654812708,0.9550431320504313,0.7026730135481508,0.8096477040995711,5757,59024,271,2436,0.29732698645184913,0.004570368496500548,0.9038743315243012,0.8312214835178727,svm,456,feature_noise,0.1,14.62140440940857,random,,27670,3.6231488232479023,44,1.0
0.963963963963964,0.9004587793688308,0.7905529110216039,0.8419342259196673,6477,58579,716,1716,0.2094470889783962,0.012075217134665655,0.9694276580942063,0.9049999447937774,knn,123,feature_noise,0.1,292.1084439754486,random,,27670,0.5036684715746312,44,1.0
0.9613560929350403,0.9822137800034536,0.6942511900402782,0.8135011441647597,5688,59192,103,2505,0.3057488099597217,0.0017370773252382158,0.900443171585261,0.821667992269703,pca,42,feature_noise,0.1,1.3935575485229492,random,,27670,1138.1696414237008,44,1.0
0.9606744902797535,0.9784073242356193,0.6913218601244965,0.810184522958089,5664,59170,125,2529,0.30867813987550347,0.0021081035500463783,0.9063104604123884,0.8366824412494758,svm,42,feature_noise,0.1,14.7780020236969,random,,27670,7.072385004043127,44,1.0
0.9306987908961594,0.6990038487661309,0.7536921762480167,0.7253186116168439,6175,56636,2659,2018,0.2463078237519834,0.044843578716586556,0.917013288498785,0.6437507345881187,mcd,456,feature_noise,0.1,5.98177433013916,random,,27670,1044161.7927829504,44,1.0
0.9608078473210052,0.9871794871794872,0.6860734773587208,0.8095340966371426,5621,59222,73,2572,0.3139265226412791,0.001231132473227085,0.8996428281298299,0.8206219268806482,pca,456,feature_noise,0.1,1.393876314163208,random,,27670,2283.154486509443,44,1.0
0.9493095068752964,0.9717279557137208,0.5999023556694739,0.7418308052222474,4915,59152,143,3278,0.4000976443305261,0.002411670461253057,0.9062898821517368,0.7793379203751531,cluster,456,feature_noise,0.1,2.797590732574463,random,,27670,2.220783639954724,44,1.0
0.9497836652441916,0.964963221060782,0.6084462345905041,0.7463133468073958,4985,59114,181,3208,0.39155376540949594,0.0030525339404671556,0.8785911974961669,0.7613815819529345,cluster,42,feature_noise,0.1,2.653782844543457,random,,27670,2.173810359563587,44,1.0
0.9265499051683262,0.670675105485232,0.7760283168558526,0.7195156453346914,6358,56173,3122,1835,0.22397168314414745,0.052651994265958346,0.9020988806935044,0.4959207565729099,mcd,123,feature_noise,0.1,6.0016608238220215,random,,27670,99268.36907368728,44,1.0
0.9511024182076814,0.9587474217138571,0.6240693274746735,0.7560254325003697,5113,59075,220,3080,0.3759306725253265,0.0037102622480816258,0.8625112371722554,0.7561289933011173,iforest,123,feature_noise,0.1,3.703028917312622,random,,27670,0.0011395817525622354,44,1.0
0.9523767188240873,0.9413224605566389,0.6481142438667155,0.7676738470435159,5310,58964,331,2883,0.3518857561332845,0.00558225820052281,0.8705379856587618,0.7629986116504065,histogram,456,feature_noise,0.1,3.40290904045105,random,,27670,-58.56639453615095,44,1.0
0.944686462778568,0.8555484693877551,0.6549493470035396,0.7419287936398202,5366,58389,906,2827,0.34505065299646037,0.01527953453073615,0.8688099572515814,0.7683741328968251,iforest,456,feature_noise,0.1,3.6193344593048096,random,,27670,-0.05533074642113445,44,1.0
0.9538732811759127,0.9662261380323054,0.6424996948614671,0.7717909244190309,5264,59111,184,2929,0.35750030513853287,0.003103128425668269,0.8709256029389718,0.7660493639953384,histogram,42,feature_noise,0.1,3.5444467067718506,random,,27670,-56.82256463038801,44,1.0
0.9521248221906117,0.7628734901462174,0.8787989747345295,0.8167432363450741,7200,57057,2238,993,0.12120102526547052,0.037743485960030354,0.9470939752680266,0.7103276022608649,lof,456,feature_noise,0.1,12.932865619659424,random,,27670,1.5879559026443797,44,1.0
0.9703354670459934,0.955689680553511,0.7923837422189675,0.8664086480715334,6492,58994,301,1701,0.2076162577810326,0.0050763133485116785,0.9543685056812065,0.8978499540556946,autoencoder,123,feature_noise,0.1,130.99144506454468,random,,27670,0.0015609877882525325,44,1.0
0.7761211267280308,0.98865598027127,0.2935813408516715,0.4527257841393524,8018,59184,92,19293,0.7064186591483285,0.0015520615426142116,0.9607865163343635,0.9426786230243807,lstm_ae,123,feature_noise,0.1,71.95533227920532,contiguous_normal,,27670,0.012080894783139229,44,1.0
0.9628674727358938,0.9032761310452418,0.7773709264005859,0.8356074521123065,6369,58613,682,1824,0.22262907359941414,0.01150181296905304,0.9705197818128005,0.905437308351768,knn,42,feature_noise,0.1,253.0473186969757,random,,27670,0.5122420699878212,44,1.0
0.9538732811759127,0.9662261380323054,0.6424996948614671,0.7717909244190309,5264,59111,184,2929,0.35750030513853287,0.003103128425668269,0.8709256029389718,0.7660493639953384,histogram,42,feature_noise,0.1,3.514000415802002,random,,27670,-56.82256463038801,44,1.0
0.9703206495969654,0.9375176703420979,0.8094715000610277,0.868801991222899,6632,58853,442,1561,0.1905284999389723,0.0074542541529639935,0.9808392453634615,0.9308793400109157,abod,456,feature_noise,0.1,156.95611596107483,random,,27670,-2.2613234213345708,44,1.0
